Quarter End,Quarter,Financial Year,FY Quarter,Commitments Raised (Rs crore),Funds Raised (Rs crore),Investments Made (Rs crore),SEBI Row Label,SEBI Section Heading,Notes
2012-09-30,Sep-2012,2012-13,Q2,0,0,0,Category III,Cumulative net figures as at the end of 30th September 2012,
2012-12-31,Dec-2012,2012-13,Q3,22.5,0,0,Category III,Cumulative net figures as at the end of 31st December 2012,
2013-03-31,Mar-2013,2012-13,Q4,83.74,58.12,27.08,Category III,Cumulative net figures as at the end of 31st March 2013,
2013-06-30,Jun-2013,2013-14,Q1,190.82,150.8,104.26,Category III,Cumulative net figures as at the end of 30th June 2013,
2013-09-30,Sep-2013,2013-14,Q2,308.1,225.35,144.56,Category III,Cumulative net figures as at the end of 30th September 2013,
2013-12-31,Dec-2013,2013-14,Q3,684.69,469.07,409.61,Category III,Cumulative net figures as at the end of 31st December 2013,
2014-03-31,Mar-2014,2013-14,Q4,739.62,662.72,477.48,Category III,Cumulative net figures as at the end of 31st March 2014,
2014-06-30,Jun-2014,2014-15,Q1,835.57,786.98,680.56,Category III,Cumulative net figures as at the end of 30th June 2014,
2014-09-30,Sep-2014,2014-15,Q2,1356.74,1068.35,944.91,Category III,Cumulative net figures as at the end of 30th September 2014,
2014-12-31,Dec-2014,2014-15,Q3,1498.52,1473.83,1299.02,Category III,Cumulative net figures as at the end of 31st December 2014,
2015-03-31,Mar-2015,2014-15,Q4,1864.01,1682.55,1528.04,Category III,Cumulative net figures as at the end of 31st March 2015,
2015-06-30,Jun-2015,2015-16,Q1,2123.12,1909.48,1594.71,Category III,Cumulative net figures as at the end of 30th June 2015,
2015-09-30,Sep-2015,2015-16,Q2,3515.51,2921.6,2302.72,Category III,Cumulative net figures as at the end of 30th September 2015,
2015-12-31,Dec-2015,2015-16,Q3,4553.5,4375.94,3770.82,Category III,Cumulative net figures as at the end of 31st December 2015,
2016-03-31,Mar-2016,2015-16,Q4,4249.21,4103.87,3907.35,Category III,Cumulative net figures as at the end of 31st March 2016,
2016-06-30,Jun-2016,2016-17,Q1,6245,4854.48,3816.58,Category III,Cumulative net figures as at the end of 30th June 2016,
2016-09-30,Sep-2016,2016-17,Q2,8081.85,6578.23,6010.22,Category III,Cumulative net figures as at the end of 30th September 2016,
2016-12-31,Dec-2016,2016-17,Q3,10078.81,7691.99,7433.36,Category III,Cumulative net figures as at the end of 31st December 2016,
2017-03-31,Mar-2017,2016-17,Q4,11968.69,8482.94,8180.68,Category III,Cumulative net figures as at the end of 31st March 2017,
2017-06-30,Jun-2017,2017-18,Q1,15644.53,12297.96,10808.34,Category III,Cumulative net figures as at the end of 30th June 2017,
2017-09-30,Sep-2017,2017-18,Q2,22656.58,16213.9,13227.33,Category III,Cumulative net figures as at the end of 30th September 2017,
2017-12-31,Dec-2017,2017-18,Q3,28835.99,22025.42,17713.12,Category III,Cumulative net figures as at the end of 31st December 2017,
2018-03-31,Mar-2018,2017-18,Q4,31260.88,24030.73,19155.63,Category III,Cumulative net figures as at the end of 31st March 2018,
2018-06-30,Jun-2018,2018-19,Q1,37697.88,30161.59,24227.53,Category III,Cumulative net figures as at the end of 30th June 2018,
2018-09-30,Sep-2018,2018-19,Q2,40586.09,34236.66,26754.93,Category III,Cumulative net figures as at the end of 30th September 2018,
2018-12-31,Dec-2018,2018-19,Q3,40785.22,34748.84,27661.32,Category III,Cumulative net figures as at the end of 31 December 2018,
2019-03-31,Mar-2019,2018-19,Q4,43254.74,36865.99,30801.78,Category III,Cumulative net figures as at the end of 31 March 2019,
2019-06-30,Jun-2019,2019-20,Q1,47055.429,39845.677,33208.433,Category III,Cumulative net figures as at the end of 30 June 2019,
2019-09-30,Sep-2019,2019-20,Q2,42223.434,36912.326,30961.006,Category III,"Cumulative net figures as at the end of 30 September, 2019",
2019-12-31,Dec-2019,2019-20,Q3,48151.361,41449.478,35777.818,Category III,"Cumulative net figures as at the end of 31 December, 2019",
2020-03-31,Mar-2020,2019-20,Q4,49230,43527,37475,Category III,"Cumulative net figures as at the end of 31 March, 2020",
2020-06-30,Jun-2020,2020-21,Q1,48410,42025,36507,Category III,"Cumulative net figures as at the end of 30 June, 2020",
2020-09-30,Sep-2020,2020-21,Q2,49364.34,42468.4,36963.44,Category III,"Cumulative net figures as at the end of December 31, 2020","SEBI's heading repeats the quarter above it (December 31, 2020); dated September 30, 2020 from its position on the page"
2020-12-31,Dec-2020,2020-21,Q3,46824.91,42348.23,38227.66,Category III,"Cumulative net figures as at the end of December 31, 2020",
2021-03-31,Mar-2021,2020-21,Q4,50029.83,43671.51,41757.64,Category III,"Cumulative net figures as at the end of March 31, 2021",
2021-06-30,Jun-2021,2021-22,Q1,50642.59,45992.93,44104.58,Category III,"Cumulative net figures as at the end of June 30, 2021",
2021-09-30,Sep-2021,2021-22,Q2,57952.74,50356.1,50867.01,Category III,"Cumulative net figures as at the end of December 31, 2021","SEBI's heading repeats the quarter above it (December 31, 2021); dated September 30, 2021 from its position on the page"
2021-12-31,Dec-2021,2021-22,Q3,63699.18,56283.83,56834.79,Category III,"Cumulative net figures as at the end of December 31, 2021",
2022-03-31,Mar-2022,2021-22,Q4,68795.58,61406.01,60809,Category III,"Cumulative net figures as at the end of March 31, 2022",
2022-06-30,Jun-2022,2022-23,Q1,74480.73,66264.39,65154.64,Category III,"Cumulative net figures as at the end of June 30, 2022",
2022-09-30,Sep-2022,2022-23,Q2,73445.27,64845.5,63176.28,Category III,"Cumulative net figures as at the end of December 31, 2022","SEBI's heading repeats the quarter above it (December 31, 2022); dated September 30, 2022 from its position on the page"
2022-12-31,Dec-2022,2022-23,Q3,72735.69,65309.32,64904.37,Category III,"Cumulative net figures as at the end of December 31, 2022",
2023-03-31,Mar-2023,2022-23,Q4,80899.57,71029.83,71055.1,Category III,"Cumulative net figures as at the end of March 31, 2023",
2023-06-30,Jun-2023,2023-24,Q1,85057.72,74482.64,72499.55,Category III,"Cumulative net figures as at the end of June 30, 2023",
2023-09-30,Sep-2023,2023-24,Q2,103502.84,71748.83,78686.59,Category III,"Cumulative net figures as at the end of December 31, 2023","SEBI's heading repeats the quarter above it (December 31, 2023); dated September 30, 2023 from its position on the page"
2023-12-31,Dec-2023,2023-24,Q3,128058.26,81676.42,88255.97,Category III,"Cumulative net figures as at the end of December 31, 2023",
2024-03-31,Mar-2024,2023-24,Q4,145132,89950,98491,Category III AIF,"Cumulative net figures as at the end of the quarter ending March 31 st , 2024",
2024-06-30,Jun-2024,2024-25,Q1,164331,98431,112546,Category III AIF,"Cumulative net figures as at the end of the quarter ending June 30, 2024",
2024-09-30,Sep-2024,2024-25,Q2,183545,111232,123310,Category III AIF,"Cumulative net figures as at the end of the quarter ending Sep 30, 2024",
2024-12-31,Dec-2024,2024-25,Q3,217645,129665,145838,Category III AIF,"Cumulative net figures as at the end of the quarter ending Dec 31, 2024",
2025-03-31,Mar-2025,2024-25,Q4,229927,147435,163029,Category III AIF,"Cumulative net figures as at the end of the quarter ending March 31, 2025",
2025-06-30,Jun-2025,2025-26,Q1,249182,160707,179479,Category III AIF,"Cumulative net figures as at the end of the quarter ending June 30, 2025",
2025-09-30,Sep-2025,2025-26,Q2,292398,177982,197335,Category III AIF,"Cumulative net figures as at the end of the quarter ending September 30, 2025",
2025-12-31,Dec-2025,2025-26,Q3,311944,196086,213541,Category III AIF,"Cumulative net figures as at the end of the quarter ending December 31, 2025",
2026-03-31,Mar-2026,2025-26,Q4,314713,199829,213207,Category III AIF,"Cumulative net figures as at the end of the quarter ending March 31, 2026",
2026-06-30,Jun-2026,2026-27,Q1,337192,217227,230911,Category III AIF,"Cumulative net figures as at the end of the quarter ending June 30, 2026",
