Quarter End,Quarter,Financial Year,FY Quarter,Investments made in equity/equity linked securities (Rs crore),Investment made in debt securities (Rs crore),Investment in units of AIFs/REITs/InVITs (Rs crore),Security Receipts (Rs crore),SEBI Row Label,SEBI Section Heading,Notes
2024-03-31,Mar-2024,2023-24,Q4,81103,5734,1856,15,Category III AIF,"Cumulative net figures as at the end of the quarter ending March 31 st , 2024",
2024-06-30,Jun-2024,2024-25,Q1,85259,5180,2186,15,Category III AIF,"Cumulative net figures as at the end of the quarter ending June 30, 2024",
2024-09-30,Sep-2024,2024-25,Q2,101931,3016,1891,15,Category III AIF,"Cumulative net figures as at the end of the quarter ending Sep 30, 2024",
2024-12-31,Dec-2024,2024-25,Q3,117639,3442,9202,5,Category III AIF,"Cumulative net figures as at the end of the quarter ending Dec 31, 2024",
2025-03-31,Mar-2025,2024-25,Q4,134917,2755,13273,5,Category III AIF,"Cumulative net figures as at the end of the quarter ending March 31, 2025",
2025-06-30,Jun-2025,2025-26,Q1,144539,2939,20844,5,Category III AIF,"Cumulative net figures as at the end of the quarter ending June 30, 2025",
2025-09-30,Sep-2025,2025-26,Q2,157325,2252,26183,,Category III AIF,"Cumulative net figures as at the end of the quarter ending September 30, 2025",
2025-12-31,Dec-2025,2025-26,Q3,167908,2259,32034,,Category III AIF,"Cumulative net figures as at the end of the quarter ending December 31, 2025",
2026-03-31,Mar-2026,2025-26,Q4,170088,4181,35927,,Category III AIF,"Cumulative net figures as at the end of the quarter ending March 31, 2026",
2026-06-30,Jun-2026,2026-27,Q1,183906,2290,40809,,Category III AIF,"Cumulative net figures as at the end of the quarter ending June 30, 2026",
